scientificName  gbifapi_usageKey    gbifapi_acceptedScientificName  gbifapi_acceptedKey status  remark  accordingTo
Cotoneaster ganghobaensis J. Fryer & B. Hylmö   3025989 Cotoneaster lambertii G. Klotz  3026007 incorrect   accepted in plants & The Plant List http://alienplantsbelgium.be/taxonomy/term/6164/descriptions
Cotoneaster sternianus (Turrill) Boom   3026154 Cotoneaster franchetii var. sternianus Turrill  3026155 incorrect   Verloove considers this as 2 species, considered synonym in other direction in The Plant List   http://alienplantsbelgium.be/taxonomy/term/5000/descriptions
Oenothera glazioviana f. rubricalyx (R.R.Gates) Lambinon    3666059 Oenothera perangusta Gates  7322738 ok  accepted name is in plants  http://alienplantsbelgium.be/taxonomy/term/4687/descriptions
Cotoneaster lucidus Schltdl.    3025769 Cotoneaster acutifolius var. lucidus (Schltdl.) L. T. Lu    3026061 ok  synonym in other direction  http://alienplantsbelgium.be/taxonomy/term/6108/descriptions
Gaura lindheimeri Engelm. & Gray    3189268 Oenothera lindheimeri (Engelm. & A.Gray) W.L.Wagner & Hoch  3664589 ok  synonym in other direction, accepted name is in plants  http://www.theplantlist.org/tpl1.1/record/kew-2818180
Solidago graminifolia (L.) Salisb.  5387035 Euthamia graminifolia (L.) Nutt.    3092782 ok  synonym in other direction  http://alienplantsbelgium.be/taxonomy/term/3560/descriptions
Parthenocissus inserta (A. Kerner) Fritsch  3039203 Parthenocissus vitacea (Knerr) A.S. Hitchc. 3039193 ok  synonym in other direction  http://alienplantsbelgium.be/taxonomy/term/5306/descriptions
Cotoneaster boisianus G. Klotz  3026167 Cotoneaster bullatus var. floribundus (Stapf) L. T. Lu & A. R. Brach    3026295 ok  in comparative taxonomy http://alienplantsbelgium.be/taxonomy/term/6094/descriptions
Cotoneaster rehderi Pojark  3026160 Cotoneaster bullatus var. macrophyllus Rehder & E. H. Wilson    3026161 ok  synonym in other direction  http://alienplantsbelgium.be/taxonomy/term/4997/descriptions
Cotoneaster hylmoei K.E. Flinck & J. Fryer  3025758 Cotoneaster salicifolius var. rugosus (E. Pritz.) Rehd. & E.H. Wilson   3026076 ok  in comparative taxonomy http://alienplantsbelgium.be/taxonomy/term/6165/descriptions
Cotoneaster lacteus W. W. Sm.   3025705 Cotoneaster coriaceus Franch.   3026035 ok  in comparative taxonomy http://alienplantsbelgium.be/taxonomy/term/6058/descriptions
Cotoneaster villosulus (Rehder & E.H. Wilson) Flinck & B. Hylmö 3025564 Cotoneaster acutifolius var. villosulus Rehd. & E.H. Wilson 3025565 ok  synonym in other direction  http://alienplantsbelgium.be/taxonomy/term/5001/descriptions
Aster novi-belgii L.    5406382 Symphyotrichum novi-belgii (L.) G.L.Nesom   3151558 ok  synonym in same direction   http://alienplantsbelgium.be/taxonomy/term/3281/descriptions
Conyza canadensis (L.) Cronquist    5404801 Erigeron canadensis 3146791 ok  synonym in same direction   http://alienplantsbelgium.be/taxonomy/term/3365/descriptions
Fallopia bohemica (Chrtek & Chrtková) J.P. Bailey   5652296 Reynoutria bohemica J. Chrtek & A. Chrtková 4038485 ok  synonym in same direction   http://alienplantsbelgium.be/taxonomy/term/4858/descriptions
Humulus japonicus Sieb. & Zucc. 2984536 Humulopsis scandens (Lour.) I.A. Grudzinskaya   3874408 ok  synonym in other direction, NL name matches http://www.theplantlist.org/tpl1.1/record/kew-2855038
Aspius aspius (Linnaeus, 1758)  2360181 Leuciscus aspius (Linnaeus, 1758)   5851603 ok      Hugo Verreycken
Cotoneaster integrifolius (Roxb.) Klotz 3026105 Cotoneaster microphylla var. thymifolius (Baker) Koehne 8422000 ok  in comparative taxonomy http://alienplantsbelgium.be/taxonomy/term/4996/descriptions
Salix sepulcralis nothovar. chrysocoma (Dode) Meikle    5373039 Salix sepulchralis var. chrysocoma (Dode) R.D. Meikle   7742596 ok  nothovar. to var.   
Bidens frondosa Buch.-Ham.  8662049 Bidens frondosa Buch.-Ham. ex Hook.f.   8359115 ok  ex author   
Gaillardia grandiflora Hort.    8440418 Gaillardia grandiflora Hort. ex Van Houtte  5387817 ok  ex author   
Delosperma cooperi (Hook. f.) L. Bolus  7538678 Delosperma cooperi (Hook. fil.) L. Bol. 8078333 ok  author variation    
Bifora testiculata (L.) Spreng. 5371869 Bifora testiculata (L.) Roth    7412216 ok  other author    
Cyclospermum leptophyllum (Pers.) Sprague ex Britton & P. Wilson    5371894 Cyclospermum leptophyllum (Pers.) Sprague   8350395 ok  ex author   
Daucus carota subsp. sativus (Hoffm.) Arcangeli 4271342 Daucus carota subsp. sativus (Hoffm.) Schübl. & Martens 7350944 ok  other author    
Trachyspermum ammi (L.) Sprague ex Turrill  8244019 Trachyspermum ammi (L.) Sprague 3034241 ok  ex author   
Achillea collina Becker ex Rchb.    7925124 Achillea collina (Becker ex Wirtg.) Heimerl 7767460 ok  other author    
Centaurea phrygia L.    8305028 Centaurea phrygia   3127957 ok  accepted has no author  
Centaurea extranea Beck 8173637 Centaurea extranea Beck ex Gugler   4253832 ok  ex author   
Cichorium calvum Sch.Bip.   8199647 Cichorium calvum Sch.Bip. ex Asch.  5392271 ok  ex author   
Galinsoga quadriradiata Ruiz & Pav. 8298495 Galinsoga quadriradiata Cav.    3132567 ok  other author    
Glebionis coronaria (L.) Tzvelev    7627205 Glebionis coronaria (L.) Cass. ex Spach 3141115 ok  other author    
Lactuca sativa L.   7403263 Lactuca sativa  3140379 ok  accepted has no author  
Leucanthemum superbum (Bergmans ex J.W.Ingram) D.H.Kent 5401007 Leucanthemum ×superbum (Bergmans ex J.Ingram) Soreng & E.A.Cope 7378144 ok  other author    
Pilosella flagellaris (Willd.) P.D.Sell & C.West    7764066 Pilosella flagellaris (Willd.) Arv.-Touv.   3123262 ok  other author    
Psephellus dealbatus (Willd.) K.Koch    3137829 Psephellus dealbatus (Willd.) Boiss.    7838007 ok  other author    
Symphyotrichum laeve (L.) A 7868501 Symphyotrichum laeve (L.) Á.Löve & D.Löve   8421156 ok  author variation    
Symphyotrichum lateriflorum (L.) Á.Löve & D.Löve    7832723 Symphyotrichum lateriflorum 3151522 ok  accepted has no author  
Verbesina alternifolia (L.) Britton 8691721 Verbesina alternifolia (L.) Britton ex Kearney  3147815 ok  ex author   
Xerochrysum bracteatum (Vent.) Tzvelev  3102871 Xerochrysum bracteatum (Vent.) Tzevelev 7415946 ok  author variation    
Nemophila menziesii var. integrifolia Parish    3611735 Nemophila menziesii var. integrifolia Brand 7536406 ok  other author    
Barbarea stricta Andrz. 7560578 Barbarea stricta Andrz. ex Besser   5374614 ok  ex author   
Humulus scandens (Lour.) Merr.  2984537 Humulopsis scandens (Lour.) I.A. Grudzinskaya   3874408 ok  other author    
Cephalaria alpina (L.) Schrad. ex Roem. & Schult.   2888799 Cephalaria alpina (L.) Schrad.  8259811 ok  ex author   
Cephalaria syriaca (L.) Schrad. ex Roem. & Schult.  2888796 Cephalaria syriaca (L.) Schrad. 8355821 ok  ex author   
Dipsacus strigosus Roem. & Schult.  4104284 Dipsacus strigosus Willd.   7443846 ok  other author    
Lonicera chrysantha Turcz. ex Ledeb.    5334246 Lonicera chrysantha Turcz.  8242349 ok  ex author   
Symphoricarpos albus (L.) S.F.Blake 2888634 Symphoricarpos albus (L.) C. Koch   7523753 ok  other author    
Weigela floribunda (Siebold & Zucc.) K. Koch    2888732 Weigela floribunda (Sieb. & Zucc.) C. A. Mey.   8011733 ok  other author    
Petrorhagia nanteuilii (Burnat) P. W. Ball & Heywood    3085622 Petrorhagia nanteuilii (Bumat) P. W. Ball & Heywood 8693157 ok  author variation    
Celastrus orbiculatus Thunb.    3169169 Celastrus orbiculatus C.P. Thunberg ex A. Murray    8104460 ok  ex author   
Tinantia erecta (Jacq.) Schltdl.    8370695 Tinantia erecta (Jacq.) Fenzl   5303524 ok  other author    
Cuscuta gronovii Willdenow ex Roemer & Schultes 2927492 Cuscuta gronovii Willd. 7694392 ok  ex author   
Cornus sanguinea subsp. australis (C.A.Mey.) Soó    8207659 Cornus sanguinea subsp. australis (C.A.Mey.) Jáv.   3663237 ok  other author    
Crassula helmsii (Kirk) Cockayne    5362054 Crassula helmsii (Kirk) A. Berger   8035075 ok  other author    
Elaeagnus pungens Thunb.    3039270 Elaeagnus pungens C.P. Thunb. ex A. Murray  8214730 ok  ex author   
Elaeagnus umbellata Thunb.  3039267 Elaeagnus umbellata C.P. Thunb. ex A. Murray    7752288 ok  ex author   
Desmanthus illinoensis (Michx.) Robinson & Fernald  7484581 Desmanthus illinoensis (Michx.) MacMill.    5360112 ok  other author    
Melilotus officinalis (L.) Lam. 8193111 Melilotus officinalis (L.) Pall.    2971024 ok  other author    
Pelargonium capitatum (L.) Aiton    8112856 Pelargonium capitatum   2891613 ok  accepted has no author  
Hypericum ×moserianum Andre 3189474 Hypericum moseranum Ed. Andre   3189468 ok  author variation    
Lindernia procumbens (Krock.) Borbás    8602699 Lindernia procumbens (Krocker) Philcox  3171882 ok  other author    
Abronia fragrans Nutt.  8690876 Abronia fragrans Nutt. ex Hook. 5384889 ok  ex author   
Avena sterilis subsp. ludoviciana (Durieu) Nyman    2705287 Avena sterilis subsp. ludoviciana (Durieu) Gillet & Magne   8429888 ok  other author    
Miscanthus sacchariflorus (Maxim.) Benth. & Hook. f.    8410425 Miscanthus sacchariflorus (Maxim.) Hack.    2706023 ok  other author    
Pentaschistis airoides (Nees) Stapf 4145907 Pentameris airoides (Nees) Steud.   4146851 ok  other author    
Vulpia alopecuros (Schousb.) Dumort.    7477513 Vulpia alopecuros (Schousb.) Link   5827791 ok  other author    
Aconogonum campanulatum (Hook. f.) H. Hara  8171323 Aconogonon campanulatum (Hook. fil.) Hara   6391389 ok  author variation    
Persicaria pensylvanica (L.) G. Maza    8026804 Persicaria pensylvanica (L.) M. Gómez   8263906 ok  other author    
Polygonum arenarium subsp. pulchellum (Loisel.) D. A. Webb & Chater 7681832 Polygonum arenarium subsp. pulchellum (Loisel.) Thell.  8336551 ok  other author    
Prunus persica (L.) Batsch  3022511 Prunus persica (L.) Stokes  8149923 ok  other author    
Spiraea ×vanhouttei (Briot) Carrière    8236373 Spiraea vanhouttei (Briot) Zabel    3026622 ok  other author    
Phuopsis stylosa (Trin.) Hook.f. ex B.D.Jacks.  2903387 Phuopsis stylosa (Trin.) G.Nicholson    7671397 ok  other author    
Populus nigra var. italica Münchh.  8154049 Populus nigra var. italica (Moench.) Koehne 7358677 ok  other author    
Acer cissifolium (Siebold & Zucc.) K. Koch  3768287 Acer cissifolium (Sieb. & Zucc.) C. Koch    7877018 ok  author variation    
Acer japonicum Thunb.   3767816 Acer japonicum C.P. Thunberg ex A. Murray   8010851 ok  ex author   
Acer palmatum Thunb.    3189882 Acer palmatum C.P. Thunberg ex A. Murray    7912328 ok  ex author   
Saxifraga stolonifera Meerb.    8062061 Saxifraga stolonifera Curtis    3032762 ok  other author    
Selaginella kraussiana (Kunze) A. Braun 2688189 Selaginella kraussiana (G. Kunze) A. Br.    8368980 ok  author variation    
Anguillicola crassus Kuwahara, Niimi & Itagaki, 1974    4346612 Anguillicoloides crassus (Kuwahara, Niimi & Itagaki, 1974)  5890148 ok  author variation    
Bugula simplex Hincks, 1886 4984779 Bugulina simplex (Hincks, 1886) 7668385 ok  author variation    
Bugula stolonifera Ryland, 1960 4984823 Bugulina stolonifera (Ryland, 1960) 8428595 ok  author variation    
Aster laevis L. 5406475 Symphyotrichum laeve (L.) Á.Löve & D.Löve   8421156 ok  synonym in same direction, accepted name is in plants   http://www.theplantlist.org/tpl1.1/record/gcc-92488
Fallopia japonica (Houtt.) Ronse Decraene   5334357 Reynoutria japonica Houtt.  2889173 ok  synonym in same direction   http://alienplantsbelgium.be/taxonomy/term/4856/descriptions
Fallopia sachalinensis (Friedrich Schmidt Petrop.) Ronse Decraene   5334293 Reynoutria sachalinensis (Friedrich Schmidt Petrop.) Nakai  2889088 ok  synonym in same direction   http://alienplantsbelgium.be/taxonomy/term/6034/descriptions
Mahonia aquifolium (Pursh) Nutt.    3033865 Berberis aquifolium Pursh   3033868 ok  synonym in same direction   http://alienplantsbelgium.be/taxonomy/term/3619/descriptions
Mustela vison Schreber, 1777    5218823 Neovison vison (Schreber, 1777) 2433652 ok  synonym in other direction  http://ias.biodiversity.be/species/show/26
Rana catesbeiana Shaw, 1802 2427092 Lithobates catesbeianus (Shaw, 1802)    2427091 ok  synonym in other direction  http://ias.biodiversity.be/species/show/88
Typhonium venosum (Dryand. ex Aiton) Hett. & P.C.Boyce  2869586 Sauromatum venosum (Dryand. ex Aiton) Kunth 2869597 ok  synonym in same direction   http://www.theplantlist.org/tpl1.1/record/kew-209544
Isotrema macrophyllum (Lam.) C. F. Reed 2873995 Aristolochia macrophylla Lam.   2873994 ok  synonym in other direction  http://alienplantsbelgium.be/taxonomy/term/5365/descriptions
Honorius nutans (L.) Gray   2773290 Ornithogalum nutans L.  2773281 ok  synonym in other direction  http://alienplantsbelgium.be/taxonomy/term/6268/descriptions
Loncomelos brevistylum (Wolfner) Dostál 2772890 Ornithogalum pyramidale L.  2772885 ok  synonym in same direction   http://www.theplantlist.org/tpl1.1/record/kew-280957
Loncomelos narbonense (L.) Raf. 2772978 Ornithogalum narbonense L.  2772958 ok  synonym in same direction   http://www.theplantlist.org/tpl1.1/record/kew-279996
Centaurea algeriensis Durieu & Coss.    4207003 Centaurea diluta subsp. algeriensis (Coss. & Durieu) Marie  7399679 ok  unresolved, suggested synonym in same direction http://www.theplantlist.org/tpl1.1/record/gcc-3498
Cicerbita macrophylla subsp. uralensis (Rouy) P.D.Sell  4227439 Lactuca macrophylla subsp. uralensis (Rouy) N.Kilian & Greuter  4211590 ok  synonym in same direction   http://www.theplantlist.org/tpl1.1/record/gcc-70929
Cyclachaena xanthiifolia (Nutt.) Fresen.    3141890 Iva xanthiifolia Nutt.  5402620 ok  synonym in other direction  http://alienplantsbelgium.be/taxonomy/term/3484/descriptions
Erigeron pampeanus Parodi   3126046 Conyza pampeana (Parodi) Cabrera    5397996 ok  synonym in same direction   http://www.theplantlist.org/tpl1.1/record/gcc-143229
Erigeron huelsenii Vatke    3095939 Conyzigeron huelsenii (Vatke) Rauschert 3095938 ok  synonym in same direction   http://www.theplantlist.org/tpl1.1/record/gcc-32837
Eutrochium maculatum (L.) E.E.Lamont    3138195 Eupatorium maculatum L. 5401612 incorrect   considered 2 species by The Plant List  http://www.theplantlist.org/tpl1.1/record/gcc-51805
Gamochaeta antillana (Urb.) Anderb. 3103180 Gnaphalium antillanum Urb.  5390801 ok  synonym in same direction   http://www.theplantlist.org/tpl1.1/record/gcc-4559
Gamochaeta pensylvanica (Willd.) Cabrera    3103082 Gnaphalium pensylvanicum Willd. 5390730 ok  synonym in other direction  http://alienplantsbelgium.be/taxonomy/term/3432/descriptions
Microlonchus salmanticus (L.) DC.   3141575 Mantisalca salmantica (L.) Briq. & Cavill.  3141571 ok  synonym in same direction   http://www.theplantlist.org/tpl1.1/record/gcc-2745
Pilosella duplex (Peter) Holub  3134993 Hieracium duplex Peter  3134985 unresolved  unresolved, no further info http://www.theplantlist.org/tpl1.1/record/gcc-117533
Euonymus hederaceus Champ. ex Benth.    3792460 Euonymus fortunei (Turcz.) Hand.-Mazz.  3169137 ok  synonym in same direction   http://alienplantsbelgium.be/taxonomy/term/6002/descriptions
Convolvulus dubius J. L. Gilbert    3679953 Calystegia pulchra Brumm. & Heywood 3678949 ok  synonym in other direction  http://alienplantsbelgium.be/taxonomy/term/4027/descriptions
Cullen cinereum (Lindl.) J. W. Grimes   3966627 Psoralea cinerea Lindl. 2944044 unresolved  unresolved, no further info http://www.theplantlist.org/tpl1.1/record/kew-2747303
Juncus tenuis subsp. anthelatus (Wiegand) Verloove & Lambinon   7841979 Juncus anthelatus (Wiegand) R.E.Brooks & Whittem.   2702058 ok  synonym in same direction   http://www.theplantlist.org/tpl1.1/record/kew-467419
Juncus tenuis subsp. dichotomus (Elliott) Verloove & Lambinon   8143288 Juncus dichotomus Elliott   2701120 ok  synonym in same direction, accepted name is in plants   http://www.theplantlist.org/tpl1.1/record/kew-315964
Juncus tenuis subsp. dudleyi (Wiegand) P.Fourn. 2701833 Juncus dudleyi Wiegand  2701831 ok  synonym in same direction   http://www.theplantlist.org/tpl1.1/record/kew-315966
Chamaenerion dodonaei (Vill.) Schur 7742704 Epilobium dodonaei Vill.    3666323 ok  synonym in same direction   http://www.theplantlist.org/tpl1.1/record/kew-2715624
Anthoxanthum nitens (Weber) Y.Schouten & Veldkamp   2703346 Hierochloe odorata (L.) P.Beauv.    2703336 ok  synonym in other direction  http://alienplantsbelgium.be/taxonomy/term/5756/descriptions
Bromus hordeaceus nothosubsp. pseudothominei (P.M. Smith) H. Scholz 8706035 Bromus ×pseudothominii P.M. Smith   7398575 ok  synonym in same direction   http://www.theplantlist.org/tpl1.1/record/kew-401155
Dactylis polygama Horv. 4126278 Dactylis glomerata subsp. lobata (Drejer) H.Lindb.  4932232 incorrect   considered synonym of Dactylis glomerata L. http://www.theplantlist.org/tpl1.1/record/kew-406788
Dichanthelium clandestinum (L.) Gould   2702543 Panicum clandestinum L. 2702544 ok  synonym in same direction   http://www.theplantlist.org/tpl1.1/record/kew-408456
Eleusine indica subsp. indica   6431270 Eleusine indica (L.) Gaertn.    2705953 ok  accepted name is in plants  http://alienplantsbelgium.be/taxonomy/term/5676/descriptions
Hordeum glaucum Steud.  4116483 Hordeum murinum subsp. glaucum (Steud.) Tzvelev 4115425 ok  synonym in same direction   http://www.theplantlist.org/tpl1.1/record/kew-419324
Hordeum leporinum Link  4115652 Hordeum murinum subsp. leporinum (Link) Arcang. 4270548 ok  synonym in same direction   http://www.theplantlist.org/tpl1.1/record/kew-419386
Moorochloa eruciformis (Sm.) Veldkamp   4155246 Brachiaria eruciformis (Sm.) Griseb.    2704068 ok  synonym in same direction   http://www.theplantlist.org/tpl1.1/record/kew-424915
Panicum capillare subsp. hillmanii (Chase) Freckmann & Lelong   4153082 Panicum hillmanii Chase 2705098 ok  synonym in same direction   http://alienplantsbelgium.be/taxonomy/term/6050/descriptions
Paspalum notatum var. saurae Parodi 4106609 Paspalum saurae (Parodi) Parodi 4154259 ok  both considered synonyms of Paspalum notatum    http://alienplantsbelgium.be/taxonomy/term/6246/descriptions
Secale strictum (C.Presl) C.Presl   4121049 Secale montanum Guss.   2705967 incorrect   considered synonym of Secale cereale L. http://www.theplantlist.org/tpl1.1/record/kew-441797
Zuloagaea bulbosa (Kunth) Bess  4138275 Panicum bulbosum Kunth  2705106 ok  synonym in same direction   http://www.theplantlist.org/tpl1.1/record/kew-451002
×Reyllopia conollyana (J.P.Bailey) Galasso  4038524 Fallopia ×conollyana J.P.Bailey 5652288 ok  unresolved, suggested synonym in same direction http://www.theplantlist.org/tpl1.1/record/kew-2897210
Lysimachia linum-stellatum L.   4007682 Asterolinon linum-stellatum (L.) Duby   4007104 ok  synonym in other direction  http://www.theplantlist.org/tpl1.1/record/kew-2492991
Delphinium ajacis L.    3033833 Consolida ajacis (L.) Schur 3033830 ok  synonym in same direction   http://www.theplantlist.org/tpl1.1/record/kew-2759384
Potentilla indica (Jacks.) T.Wolf   8591421 Duchesnea indica (Jacks.) Focke 3031919 unresolved  unresolved, no further info http://www.theplantlist.org/tpl1.1/record/rjp-10798
Chaenostoma cordatum Benth. 5561475 Sutera cordata (Thunb.) Kuntze  3728734 ok  synonym in other direction, also in The Plant List  http://alienplantsbelgium.be/taxonomy/term/6167/descriptions
Petunia parviflora Juss.    2928906 Calibrachoa parviflora (Jussieu) W.G. D'Arcy    7823026 ok  synonym in same direction   http://www.theplantlist.org/tpl1.1/record/tro-29600085
Oenothera depressa Greene   6428493 Oenothera villosa subsp. villosa    6427623 incorrect   considered synonym of Oenothera strigosa var. depressa  http://www.theplantlist.org/tpl1.1/record/tro-23202102
Oenothera rubricalyx R.R.Gates  3665866 Oenothera perangusta Gates  7322738 unresolved  unresolved, no further info http://www.theplantlist.org/tpl1.1/record/kew-2399568
Persicaria perfoliata (L.) H. Gross 4033648 Truellum perfoliatum (L.) Soják 4037171 incorrect   considered synonym of Polygonum perfoliatum L.  http://www.theplantlist.org/tpl1.1/record/kew-2572612